{
  "analysis": {
    "gravity_direction": [
      0.027395431464681017,
      0.9197444454673147,
      0.3915605258026988
    ],
    "raw_movement": [
      -0.5111716955687041,
      -4.006446634251004,
      -0.4809570266892539
    ]
  },
  "trajectories": {
    "original": [
      