{
  "analysis": {
    "gravity_vector": [
      0.2676270981909114,
      8.985021365148718,
      3.8251709020091513
    ],
    "movement_pattern": "x_up_negative_gravity",
    "best_transformation": "original",
    "best_score": 4.191103534306508
  },
  "trajectories": {
    "original": [
      [
        0.0,
        0.0,
        0.0
      ],
      [
        -0.0010022753880839287,
        -0.6357254070300284,
        0.7719146340759132
      ],
      [
        -0.3289475124626468,
        -0.5542830411316538,
        1.7130942463269352
      ],
      [
        -0.35818587133553814,
        -0.42875793389920114,
        2.7047537472770857
      ],
      [
        -1.0626982439780406,
        -1.1370352823655634,
        2.6599707768185348
      ],
      [
        -1.3068714056716495,
        -2.09249791767387,
        2.8257134075393364
      ],
      [
        -1.3194518275633362,
        -2.481777264425786,
        1.904679573645364
      ],
      [
        -0.9517680886104967,
        -2.9040023741631678,
        1.0761057236978075
      ],
      [
        -0.867803626844067,
        -3.3525476451590714,
        0.18629837992754783
      ],
      [
        -0.5111716955687041,
        -4.006446634251004,
        -0.4809570266892539
      ],
      [
        -1.4451168650454629,
        -3.663242008227253,
        -0.5807418205554876
      ],
      [
        -2.374487425366194,
        -3.9990837628876434,
        -0.42750775960374743
      ]
    ],
    "flip_y": [
      [
        0.0,
        -0.0,
        0.0
      ],
      [
        -0.0010022753880839287,
        0.6357254070300284,
        0.7719146340759132
      ],
      [
        -0.3289475124626468,
        0.5542830411316538,
        1.7130942463269352
      ],
      [
        -0.35818587133553814,
        0.42875793389920114,
        2.7047537472770857
      ],
      [
        -1.0626982439780406,
        1.1370352823655634,
        2.6599707768185348
      ],
      [
        -1.3068714056716495,
        2.09249791767387,
        2.8257134075393364
      ],
      [
        -1.3194518275633362,
        2.481777264425786,
        1.904679573645364
      ],
      [
        -0.9517680886104967,
        2.9040023741631678,
        1.0761057236978075
      ],
      [
        -0.867803626844067,
        3.3525476451590714,
        0.18629837992754783
      ],
      [
        -0.5111716955687041,
        4.006446634251004,
        -0.4809570266892539
      ],
      [
        -1.4451168650454629,
        3.663242008227253,
        -0.5807418205554876
      ],
      [
        -2.374487425366194,
        3.9990837628876434,
        -0.42750775960374743
      ]
    ],
    "flip_z": [
      [
        0.0,
        0.0,
        -0.0
      ],
      [
        -0.0010022753880839287,
        -0.6357254070300284,
        -0.7719146340759132
      ],
      [
        -0.3289475124626468,
        -0.5542830411316538,
        -1.7130942463269352
      ],
      [
        -0.35818587133553814,
        -0.42875793389920114,
        -2.7047537472770857
      ],
      [
        -1.0626982439780406,
        -1.1370352823655634,
        -2.6599707768185348
      ],
      [
        -1.3068714056716495,
        -2.09249791767387,
        -2.8257134075393364
      ],
      [
        -1.3194518275633362,
        -2.481777264425786,
        -1.904679573645364
      ],
      [
        -0.9517680886104967,
        -2.9040023741631678,
        -1.0761057236978075
      ],
      [
        -0.867803626844067,
        -3.3525476451590714,
        -0.18629837992754783
      ],
      [
        -0.5111716955687041,
        -4.006446634251004,
        0.4809570266892539
      ],
      [
        -1.4451168650454629,
        -3.663242008227253,
        0.5807418205554876
      ],
      [
        -2.374487425366194,
        -3.9990837628876434,
        0.42750775960374743
      ]
    ],
    "swap_yz": [
      [
        0.0,
        0.0,
        0.0
      ],
      [
        -0.0010022753880839287,
        0.7719146340759132,
        -0.6357254070300284
      ],
      [
        -0.3289475124626468,
        1.7130942463269352,
        -0.5542830411316538
      ],
      [
        -0.35818587133553814,
        2.7047537472770857,
        -0.42875793389920114
      ],
      [
        -1.0626982439780406,
        2.6599707768185348,
        -1.1370352823655634
      ],
      [
        -1.3068714056716495,
        2.8257134075393364,
        -2.09249791767387
      ],
      [
        -1.3194518275633362,
        1.904679573645364,
        -2.481777264425786
      ],
      [
        -0.9517680886104967,
        1.0761057236978075,
        -2.9040023741631678
      ],
      [
        -0.867803626844067,
        0.18629837992754783,
        -3.3525476451590714
      ],
      [
        -0.5111716955687041,
        -0.4809570266892539,
        -4.006446634251004
      ],
      [
        -1.4451168650454629,
        -0.5807418205554876,
        -3.663242008227253
      ],
      [
        -2.374487425366194,
        -0.42750775960374743,
        -3.9990837628876434
      ]
    ],
    "swap_yz_flip": [
      [
        0.0,
        0.0,
        -0.0
      ],
      [
        -0.0010022753880839287,
        0.7719146340759132,
        0.6357254070300284
      ],
      [
        -0.3289475124626468,
        1.7130942463269352,
        0.5542830411316538
      ],
      [
        -0.35818587133553814,
        2.7047537472770857,
        0.42875793389920114
      ],
      [
        -1.0626982439780406,
        2.6599707768185348,
        1.1370352823655634
      ],
      [
        -1.3068714056716495,
        2.8257134075393364,
        2.09249791767387
      ],
      [
        -1.3194518275633362,
        1.904679573645364,
        2.481777264425786
      ],
      [
        -0.9517680886104967,
        1.0761057236978075,
        2.9040023741631678
      ],
      [
        -0.867803626844067,
        0.18629837992754783,
        3.3525476451590714
      ],
      [
        -0.5111716955687041,
        -0.4809570266892539,
        4.006446634251004
      ],
      [
        -1.4451168650454629,
        -0.5807418205554876,
        3.663242008227253
      ],
      [
        -2.374487425366194,
        -0.42750775960374743,
        3.9990837628876434
      ]
    ],
    "android_to_standard": [
      [
        0.0,
        -0.0,
        0.0
      ],
      [
        -0.0010022753880839287,
        -0.7719146340759132,
        -0.6357254070300284
      ],
      [
        -0.3289475124626468,
        -1.7130942463269352,
        -0.5542830411316538
      ],
      [
        -0.35818587133553814,
        -2.7047537472770857,
        -0.42875793389920114
      ],
      [
        -1.0626982439780406,
        -2.6599707768185348,
        -1.1370352823655634
      ],
      [
        -1.3068714056716495,
        -2.8257134075393364,
        -2.09249791767387
      ],
      [
        -1.3194518275633362,
        -1.904679573645364,
        -2.481777264425786
      ],
      [
        -0.9517680886104967,
        -1.0761057236978075,
        -2.9040023741631678
      ],
      [
        -0.867803626844067,
        -0.18629837992754783,
        -3.3525476451590714
      ],
      [
        -0.5111716955687041,
        0.4809570266892539,
        -4.006446634251004
      ],
      [
        -1.4451168650454629,
        0.5807418205554876,
        -3.663242008227253
      ],
      [
        -2.374487425366194,
        0.42750775960374743,
        -3.9990837628876434
      ]
    ]
  },